Country,Correlation Coefficient
UK,0.982112668
Argentina,0.981074054
South Africa,0.964424036
France,0.963521731
Spain,0.939137177
Peru,0.937547973