Country,Correlation Coefficient
Brazil,0.819180916
Mexico,0.771665496
Italy,0.87741518
Iran,0.872501525
Russia,0.83295975
